,title,price,link_item,index,discount,sales
0,Điện thoại Samsung Galaxy Z Flip 4 (8GB/256GB),14.990.000₫,https://tka.tiki.vn/pixel/pixel?data=zmpUKuukZVtfsiHLGgwJbKRfcuCppmXDCpwSdAHemHhBA7DFTo758KYLwNRR28C0IycCqE_PCxEiZYxpkd9fpp2PU6MJxmktMzr1P7yDYC2enMxbVVY_G64dCFeLDV26WZJUBdhIlSMedL45vUM46WGAoPvklzigoNZzqGwAtOLJdhW97hCDQRClFcKgMYiIjWGUgqZBXQkkd31mMaIjS3IB81OiJuznX9aWnX8r5XdVAeQWMhuwV4KlalsKtFX6l09KGsYSFD60ur6uRocAsa6rMq6UCeJrKE2b3NWPGTy4v3yFKhcvBWBHWf7kv_3-rsMkIFaVOZUARvPikNnZOug0PkUeKGxU5vub83kt0E9cR69J3EC7WopeJADKugVjjYvUmpJYkTspIHF6WT4u3xhJQ7AKlIL_ijbbG2bp21O20d_1-aGpWWqXabMiV2vQ1tk6mM8gWDsD8ytET6t1NQp28srKfrNUG_hLTzrwz1UvXRhlA8jCYYwogplxsAGDbT7OEBKkF0u3MxNXPgvckAkN_o5wVp7rE6uh_7_IdPex43_Yw6H3HZcXiMkyWZbrm7NFbJOjXDbGWhNtZIFVV42mGLQeFmYiUB8xM6jwHrCFYfryK2CBojIKUgcoh5JlllSKirjjoK6hy8Qf78L7e1LRk3QMShMTY8rQBFBHWTFU9u3pVUvsuJqhHdP3HwX0MsKEV8PXA3rkooTlvLfMdDDFenRONDWJDgvSFmwewnhGua5Byecur0TxNSiDBIN5woDxwfdLPnHg_ITKShCsRUpt-Rizfsl0IZftgBZESqQCAxMDg2lrInF-8z_NBqzHZvJfOSuUXWiORGFgV1yE41I5faAtCuelfhdpP25JsLOfLpn5irekDP7x8KIz_CgAPnpa98qHsBGu85EhXw6Q2jPNJlDWAM3W7sf374pgV7xyHeiGhJjWVClAJk9F_S_-OpU_vmvi2RJuRtsXzSHWM7dGl8PqneNOAmOia2WHJdlSv6Gb7HYbQ5nHidSQ-6ZK3fsianaqs-fnRfouY5fd3r9IsY6WlTDPbtIfWZpWfQ&reqid=0GaNFsxy7y2Crln8&type=CLICK&pos=1,1,-42%,Đã bán 97
1,Điện Thoại Samsung Galaxy A54 5G (8GB/128GB) - Hàng Chính Hãng - Đã kích hoạt bảo hành điện tử,7.250.000₫,https://tka.tiki.vn/pixel/pixel?data=TLJ1YGO-8D-u9mjexdXBYKV4LTv1cBzkKkuDmnLRkR9Q8hZOxwp5rI292KP-SL2UA6yHbQGw4MT-obb4XwrcA8CXFETyucWu5OMjSeAfZgpvulcZrFjdf6He4yuuLqifYGhIxj3GNqI2Y9DSa2WP_ScACDBuTfZBy1hdEJTs-yd9J1_HZGfemGL1zz17Kd1D9E8KjwOrHzi8C33iHMgx53Ouk2d3FH-G5W-9atYR5IDa0I-0tZmsqnvYBNWUORPEMOfW8hNhWazIWbq9x6wB_zzGOXuiSgz4lPlCQJ6OtdnpmxDbAk7Jut0-Q1o_77Ia5pV8DgFV4_sI1Y01ot9eqGUyi3-ghDnGsmDZzYsTVPBsjiORYMT7EitV-CLS73vNLln-jqEZJ0kj2GFTFbo3ShYrtR3Ym9wmwUKSuPUJgiI-98Uy3z0TfQspn3Lgh7j4yUNtp4MQr5j-kiRuDg3E4tZ6FTOfX9UxiTIuQydxbs2ve6OWQCS5f6iU0rvCTbiCpLqEUQZL-JTHFFC8xJi1ky3zpgFrFWvJLS-oBwX42xm2at2Sd9aB98AyyF5_vEiogyfL4bFM2EyQxtBxBgC_UjTbUfFKk_MU_F2PohCLIq56E-zDBjmacgAopW1QgzS6FlQUOqafvsL9P_CsvkXj6qlyj0Zw3prWzneTM_1WPKx_pHMTDR4w7bmgUGlpTRFn4tEcYljnvwxyLUUdEobp8VQdna9J-cNTybAj8BZOeeGfFo8R4HtyugQFJ6Vgy2v2vi4Zy1H1SVGbEHaZA9_L6KYsB3UIJa8LZjf7RzxD3g0ZVdjVaN323k4anJALgOO2o7efnJf76fw0WDi5K8084znxFZVpL6RersxYUHyavgBmZmSyiC73kMKfA2IpmGxgopo4fQdsYaeB7_Mq-ECquxNMoigYWhdGhYKnm6z_1JwzvCE9ZOenSMjSz0wFVDlvaziOFVeNVqwC4i-mTzE4mFlIdyXOH0TEZOHq8RY8HjemJimeBgICCDhMQhVuLKtavSSlF0r_170Ap9HWhulJrI986XbNn1QmhpRJBqmoSWtyFTRVabpa3DV2s9d-SVAjogEq&reqid=0GaNFsxy7y2Crln8&type=CLICK&pos=2,2,-31%,Đã bán 13
2,Điện thoại Samsung Galaxy A05 (4GB/128GB) - Hàng chính hãng - ĐÃ KÍCH HOẠT BẢO HÀNH ĐIỆN TỬ,2.600.000₫,https://tka.tiki.vn/pixel/pixel?data=wwfeTEpTSm9zafLRMX0fYDspulku0NCqgSxh93iw6xezANxs3IExXphcHy7tEftbuh4NL_DkViv0v_ClXnYj2viWTue9zQPpa87XH3GUVIHrGEjacnI0R_pxFsDusIdvvOPDpK6wj6RO8jAiHEgWO6IV6zoSUbIcXKdIdGw_e5r2_trmKV368-2-9rDAGS1qizrI4dUCR19I_-Ih4LjeqR73e3FhOiPhzbHb3QS2ocD0iGwbTFlb6XGk6EEkNqdIwNq2dq2HA8x1LSXR4zjivr0Q_3EZZq7w7-WMrsMlTgP0j49Bhv1ywoWHXJYYCbMED4el4Xfis45sPKGu5mqswT8njxjHbFUrhHPAi9aGQ9uUHCFniMXnBDTqRqtDXBY-9Jny8sGLHMT0DgK-jOo-sdVHsNqBvlT2rz3C_nde95rAL9Ur45EaTziALB-0Gcvgzi2px-uTmb679ashkGuKiIXcOsZ8DEYxAiyFAE6CRlc198f2rxhZFonPpgVcSxdE089wTfX8x1X-R-mLClquVDaZ6eKix7UWFYV-sP2QQjpm-ppVYSvPErzLUqnAygaYRFO_Nr4ARf9LtLSj9xBet6nlEccWeDkXBkHV1wvhcxPOjdnmhKF7NY1Khw2qNDRPmkjiCZzf85IRFa-QwFbaNizTh-yhuEnYhZsovTsPiu0mX7VbarieZVPI6soEkC4qs6yHkkLLFtrEBPs-7rqz6p9gclBviqqTnXQ8VGW2qfvPeU-AkUrgrEmW1xkPPCXqSnRuINj0idLcyGu0Z-87cOlbsd35dHaMEObDUtv6MVvPQ00AJwmn63KyfIszwkd5eEvNyHTLWZKB2OaoKLIcV_WN-JUv2Mm7B5dimYg8nU3V0ahFqzGvD9QGyGUINFB6HsSPC4RAFkAina4TkXkX6FxsyrgorGe5l1Xq_BtVDwTQk7rd5xATvgcVNUskx4JpvYb_M7DcKBr4hibyrr8-gZgnvY5_UZ11ECFekoYcob0iMxdM1EoNM9q2_ljng14LHQxNCEQU_AKh7RK5fN2ZpXohMPXyAnMcKW2OWsY&reqid=0GaNFsxy7y2Crln8&type=CLICK&pos=3,3,-16%,Đã bán 1
3,Điện Thoại Samsung Galaxy A54 5G (8GB/256GB) - Hàng Chính Hãng - Đã kích hoạt bảo hành điện tử,8.390.000₫,https://tka.tiki.vn/pixel/pixel?data=eeAhVDPEZMAzpCL2Aqdv5DW0_KsN8N2pSyNEzjHo6Eh5YsnsaLmEaBvXs5BoExioHjSMDYjtIibSONvU5fNwoBFYZAWUWYjHQo3MLX7OLMW4HFHiqCxQ89DDEQ_YzFAVqzEgdwhiOW1DBuLyl9zCCvs03yDD7kaaqkue1YUJGYOkmdzrF3B-C47gZOzWAVkEJa9JPXqARe7yqX_qItQXO0erauvhbJNev5jOaLSnyKnPJrf_TWVUgU_VGplmETIM0gKz-Y1Vdc7dJxkYzIVlmr2zhoabBd0tP3bK-6f6g-6di0rWI51u0Y4CjmDTx7ydPXxF9uTa9IgJxxnqBaV-WtGNoMy8dy1-NeGNgeIavZJ1_Xm1zoUfWS13BWvRZO0zpjcPPQSRnqUfQ0pCCaROE2phyIhE6nEoBXOH5ShxFTb4t-RpUPOSkFkOt77_Pd5WrgJUl6kLNANdG2fqy20DwUJRdwb2RlPK8BoHzZ19ADn2dR1BHFolqLWbBRtQjIvL2HNHeDf-PgRULMMMT-lP9BlcjY-x4R51cABg9Ge2BaNbMJd5COtUGlPkGlx9OniTtzQyw6x8VqEYV9vT4Q7gMKAwkLb_svCXgN3CkmVCyFbGEG9s3ORH6XX4HioceWCzhwW0sPicI8CAr08ryEJn71g-X95eRt0yBxFAgqTL4-oey7DQAeJeD1siVcMCsSlxho6pEM6Trc7mGfmTYAPZx1knp-HGSL2JYsXb47VU4npLIsFjT-huefLlEZq8EJSL5-2fHytAPWyJHPcbTOPveEHBFrm85MMlxkmmOT2sb8wFMOAiPh5mrlrkhD7JoZ-9ix_4Vck-SbKM2jB9oUs0nQnv-SWxcqGu5nf8ILEcleL2_uqpTG5eIbnadhPjDDz67QxBg5EDMpEHRQV8CkRxQc-MGZ7e9_qaDTBXBbOFRsn1qDSC71FkcsKcGal8eMnzwvBlO11s-VOUGDfsMJntxrvbsPTXzvB2nyZn1HXL3yIGbCoQUi4hE7NJ9j53CFIY5kmMG7JIgZvnDylIn-7kJ7RV7neLN3CzfpfGe7ZcKLNRnC7nHC1N78559A&reqid=0GaNFsxy7y2Crln8&type=CLICK&pos=4,4,-27%,Đã bán 4
4,Điện Thoại Samsung Galaxy S20 FE (8GB/256GB) Xanh Thanh Mát - Đã kích hoạt bảo hành điện tử - Hàng Chính Hãng,7.090.000₫,https://tiki.vn/dien-thoai-samsung-galaxy-s20-fe-8gb-256gb-hang-chinh-hang-da-kich-hoat-bao-hanh-dien-tu-p175845367.html?spid=175845371,5,-29%,Đã bán 695
5,Điện thoại Samsung Galaxy A05 (4GB/128GB) - Đã kích hoạt bảo hành điện tử -Hàng chính hãng,2.590.000₫,https://tiki.vn/dien-thoai-samsung-galaxy-a05-4gb-128gb-da-kich-hoat-bao-hanh-dien-tu-hang-chinh-hang-p273258830.html?spid=273258976,6,-15%,Đã bán 80
6,Điện thoại Samsung Galaxy M14 5G (6GB/128GB) - Đã kích hoạt bảo hành điện tử - Hàng chính hãng,3.990.000₫,https://tiki.vn/dien-thoai-samsung-galaxy-m14-5g-6gb-128gb-da-kich-hoat-bao-hanh-dien-tu-hang-chinh-hang-p270978486.html?spid=270978503,7,-27%,Đã bán 67
7,Điện thoại Samsung Galaxy A34 5G (8GB/128GB) - Đã kích hoạt bảo hành điện tử - Hàng chính hãng,5.490.000₫,https://tiki.vn/dien-thoai-samsung-galaxy-a34-5g-8gb-128gb-da-kich-hoat-bao-hanh-dien-tu-hang-chinh-hang-p270978283.html?spid=270978315,8,-35%,Đã bán 76
8,Điện thoại Samsung Galaxy A04 (3GB/32GB) - Đã kích hoạt bảo hành điện tử - Hàng chính hãng,1.999.000₫,https://tiki.vn/dien-thoai-samsung-galaxy-a04-3gb-32gb-da-kich-hoat-bao-hanh-dien-tu-hang-chinh-hang-p257682739.html?spid=257682773,9,-33%,Đã bán 63
9,Điện Thoại Samsung Galaxy A04e (3GB/32GB)- Hàng Chính Hãng,2.025.000₫,https://tiki.vn/dien-thoai-samsung-galaxy-a04e-3gb-32gb-hang-chinh-hang-p214603586.html?spid=225211054,10,-25%,Đã bán 44
10,Điện thoại Samsung Galaxy A05s (4GB/128GB) - Đã kích hoạt bảo hành điện tử - Hàng chính hãng,3.090.000₫,https://tiki.vn/dien-thoai-samsung-galaxy-a05s-4gb-128gb-da-kich-hoat-bao-hanh-dien-tu-hang-chinh-hang-p273258825.html?spid=273259163,11,-22%,Đã bán 55
11,Điện Thoại Samsung A05s 4GB/128GB - Hàng Chính Hãng,3.289.000₫,https://tiki.vn/dien-thoai-samsung-a05s-4gb-128gb-hang-chinh-hang-p272348047.html?spid=272348053,12,-18%,Đã bán 17
12,Điện Thoại Samsung A34 5G 8GB/128GB - Hàng Chính Hãng,5.642.000₫,https://tiki.vn/dien-thoai-samsung-a34-5g-8gb-128gb-hang-chinh-hang-p248762051.html?spid=248762055,13,-34%,Đã bán 14
13,Điện Thoại Samsung A05 4GB/128GB - Hàng Chính Hãng,2.679.000₫,https://tiki.vn/dien-thoai-samsung-a05-4gb-128gb-hang-chinh-hang-p272328188.html?spid=272328194,14,-13%,Đã bán 11
14,Điện Thoại Samsung A54 5G 8GB/128GB - Hàng Chính Hãng,7.169.000₫,https://tiki.vn/dien-thoai-samsung-a54-5g-8gb-128gb-hang-chinh-hang-p248688169.html?spid=248688173,15,-32%,Đã bán 15
15,Điện thoại Samsung Galaxy A05s (4Gb/128Gb) - Hàng chính hãng - Đã kích hoạt bảo hành điện tử,3.390.000₫,https://tiki.vn/dien-thoai-samsung-galaxy-a05s-4gb-128gb-hang-chinh-hang-da-kich-hoat-bao-hanh-dien-tu-p272394241.html?spid=272394243,16,-15%,Đã bán 2
16,Điện thoại Samsung Galaxy M34 5G (8GB/128GB) - Hàng chính hãng,6.419.000₫,https://tiki.vn/dien-thoai-samsung-galaxy-m34-5g-8gb-128gb-hang-chinh-hang-p272234493.html?spid=272234497,17,-20%,Đã bán 1
17,Điện thoại Samsung Galaxy A34 5G (8GB/128GB) - Hàng chính hãng - ĐÃ KÍCH HOẠT BẢO HÀNH ĐIỆN TỬ,5.650.000₫,https://tiki.vn/dien-thoai-samsung-galaxy-a34-5g-8gb-128gb-hang-chinh-hang-da-kich-hoat-bao-hanh-dien-tu-p249143473.html?spid=249143477,18,-33%,Đã bán 39
18,Điện thoại Samsung Galaxy M34 5G (8GB/128GB) - Hàng chính hãng,6.990.000₫,https://tiki.vn/dien-thoai-samsung-galaxy-m34-8gb-128gb-hang-chinh-hang-p272273169.html?spid=272273185,19,-13%,Đã bán 7
19,Điện Thoại Samsung Galaxy A04s (4GB/64GB) - Hàng Chính Hãng - Đã kích hoạt bảo hành điện tử,2.790.000₫,https://tiki.vn/dien-thoai-samsung-galaxy-a04s-4gb-64gb-hang-chinh-hang-da-kich-hoat-bao-hanh-dien-tu-p198671718.html?spid=198671724,20,-30%,Đã bán 96
20,Điện thoại Samsung Galaxy Z Flip 5 - Hàng chính hãng,22.490.000₫,https://tiki.vn/dien-thoai-samsung-galaxy-z-flip-5-hang-chinh-hang-p270683809.html?spid=270683919,21,-25%,Đã bán 21
21,Điện Thoại Samsung Galaxy S23 Ultra 5G (8GB/256GB) - Hàng Chính Hãng,22.490.000₫,https://tiki.vn/dien-thoai-samsung-galaxy-s23-ultra-5g-8gb-256gb-hang-chinh-hang-p225381612.html?spid=225381618,22,-30%,Đã bán 9
22,Điện thoại Samsung Galaxy Z Fold 5 - Hàng chính hãng,36.990.000₫,https://tiki.vn/dien-thoai-samsung-galaxy-z-fold-5-hang-chinh-hang-p270736028.html?spid=270736042,23,-18%,Đã bán 9
23,Điện Thoại Samsung Galaxy A54 5G (8GB/128GB) - Hàng Chính Hãng - Đã kích hoạt bảo hành điện tử,7.250.000₫,https://tiki.vn/dien-thoai-samsung-galaxy-a54-5g-8gb-128gb-hang-chinh-hang-da-kich-hoat-bao-hanh-dien-tu-p249151803.html?spid=249151809,24,-31%,Đã bán 13
24,Điện thoại Samsung Galaxy M14 5G (4GB/64GB) - Hàng chính hãng,3.058.000₫,https://tiki.vn/dien-thoai-samsung-galaxy-m14-5g-4gb-128gb-hang-chinh-hang-p273411607.html?spid=273411615,25,-17%,Đã bán 7
25,Điện Thoại Samsung Galaxy Z Flip5 5G - Hàng Chính Hãng - Đã kích hoạt bảo hành điện tử,17.500.000₫,https://tiki.vn/dien-thoai-samsung-galaxy-z-flip5-5g-8gb-512gb-hang-chinh-hang-da-kich-hoat-bao-hanh-dien-tu-p271152577.html?spid=271152583,26,-41%,Đã bán 1
26,Điện Thoại Samsung M34 5G 8GB/128GB - Hàng Chính Hãng,6.289.000₫,https://tiki.vn/dien-thoai-samsung-m34-5g-8gb-128gb-hang-chinh-hang-p272323566.html?spid=272323568,27,-21%,Đã bán 1
27,Điện Thoại Samsung A04 3GB/32GB - Hàng Chính Hãng,2.149.000₫,https://tiki.vn/dien-thoai-samsung-a04-3gb-32gb-hang-chinh-hang-p203278278.html?spid=203278284,28,-28%,Đã bán 53
28,Điện Thoại Samsung A14 4GB/128GB - Hàng Chính Hãng,3.672.000₫,https://tiki.vn/dien-thoai-samsung-a14-4gb-128gb-hang-chinh-hang-p244303202.html?spid=248792304,29,-31%,Đã bán 2
29,Điện thoại Samsung Galaxy A34 5G (8GB/128GB) - Hàng chính hãng,5.849.000₫,https://tiki.vn/dien-thoai-samsung-galaxy-a34-5g-8gb-128gb-hang-chinh-hang-p248929458.html?spid=248929462,30,-42%,Đã bán 1
30,Điện Thoại Samsung Galaxy A14 (4GB/128GB) - Hàng Chính Hãng,3.672.000₫,https://tiki.vn/dien-thoai-samsung-galaxy-a14-4gb-128gb-hang-chinh-hang-p248704404.html?spid=248792311,31,-23%,Đã bán 1
31,Điện thoại Samsung Galaxy Z Flip 4 (8GB/256GB),14.990.000₫,https://tiki.vn/dien-thoai-samsung-galaxy-z-flip-4-8gb-256gb-hang-chinh-hang-p194037967.html?spid=194037971,32,-24%,Đã bán 97
32,Điện thoại Samsung Galaxy M14 5G (4GB/64GB) - Hàng chính hãng - Đã kích hoạt bảo hành điện tử,3.069.000₫,https://tiki.vn/dien-thoai-samsung-galaxy-m14-5g-4gb-64gb-hang-chinh-hang-da-kich-hoat-bao-hanh-dien-tu-p263274580.html?spid=273370170,33,-30%,Đã bán 2
33,Điện thoại Samsung Galaxy S23 Ultra 5G (12GB/512GB),33.000.000₫,https://tiki.vn/dien-thoai-samsung-galaxy-s23-ultra-5g-8gb-512gb-hang-chinh-hang-p216175253.html?spid=217089539,34,-10%,
34,Điện thoại Samsung Galaxy A23 5G 4GB/128GB Đen - Hàng chính hãng,4.580.000₫,https://tiki.vn/dien-thoai-samsung-galaxy-a23-5g-4gb-128gb-den-hang-chinh-hang-p273244815.html?spid=273244816,35,-33%,Đã bán 1
35,Điện thoại Samsung Galaxy Z Flip 4 (8GB/128GB),20.250.000₫,https://tiki.vn/dien-thoai-samsung-galaxy-z-flip-4-8gb-128gb-hang-chinh-hang-p194034217.html?spid=205113140,36,,
36,Điện Thoại Samsung Galaxy S23 Ultra 5G (12GB/512GB) - Hàng Chính Hãng,25.890.000₫,https://tiki.vn/dien-thoai-samsung-galaxy-s23-ultra-5g-12gb-512gb-hang-chinh-hang-p225920758.html?spid=225920768,37,,Đã bán 1
37,Điện Thoại Samsung Galaxy S20 FE 256GB | 8GB - Hàng Chính Hãng,8.625.000₫,https://tiki.vn/dien-thoai-samsung-galaxy-s20-fe-256gb-8gb-hang-chinh-hang-p175967811.html?spid=196284376,38,,Đã bán 2
38,Điện thoại Samsung Galaxy A54 5G (8GB/256gb) - Hàng chính hãng,10.790.000₫,https://tiki.vn/dien-thoai-samsung-galaxy-a54-8gb-256gb-hang-chinh-hang-p247731336.html?spid=248783902,39,,
39,Điện thoại Samsung Galaxy S23 Ultra 5G (12GB/1TB) - Hàng chính hãng,42.000.000₫,https://tiki.vn/dien-thoai-samsung-galaxy-s23-ultra-5g-12gb-1tb-hang-chinh-hang-p216175761.html?spid=217088763,40,,
40,Điện thoại Samsung Galaxy A05 (4GB/128GB) - Hàng chính hãng,2.789.000₫,https://tiki.vn/dien-thoai-samsung-galaxy-a05-4gb-128gb-hang-chinh-hang-p272270730.html?spid=273174234,41,,
41,Điện thoại Samsung Galaxy A34 5G (8GB/128GB) - Hàng chính hãng,7.164.000₫,https://tiki.vn/dien-thoai-samsung-galaxy-a34-5g-8gb-128gb-hang-chinh-hang-p247730209.html?spid=248784132,42,,Đã bán 2
42,Điện thoại Samsung Galaxy S23 5G 8GB/128GB - Hàng chính hãng - ĐÃ KÍCH HOẠT BẢO HÀNH ĐIỆN TỬ,15.300.000₫,https://tiki.vn/dien-thoai-samsung-galaxy-s23-5g-8gb-128gb-hang-chinh-hang-da-kich-hoat-bao-hanh-dien-tu-p225271277.html?spid=225271283,43,,
43,Điện thoại Samsung Galaxy S23 Plus 5G (8GB/256GB),16.000.000₫,https://tiki.vn/dien-thoai-samsung-galaxy-s23-plus-5g-8gb-256gb-hang-chinh-hang-p216174231.html?spid=217089349,44,,Đã bán 1
0,Điện thoại Samsung Galaxy A05 (4GB/128GB) - Hàng chính hãng - ĐÃ KÍCH HOẠT BẢO HÀNH ĐIỆN TỬ,2.600.000₫,https://tka.tiki.vn/pixel/pixel?data=ScJ48aWxcllnUoNs4zT2bsPNJxKuQgDATBN5lbgSskyPr4FOqLTIsGHYqqAOk11FpGihLmChnOdBRXWv2y1fIZZUMIGyMe75dEx1z8ZexbjMk4mq2ayYgDJWb4PXDblcCmqYJerTLrsZ8jQAiO-OiAm4PAPW7YYYq_mx5nwm6fxxSbTWON4hnACCxg9xUWIRjlk8OTvcOxbFir24RfjOVEL1pUB6V-e93odEncNQRhqN1pG9tMekh9ssK0hRRlvLkA1L5Y3Hc_lo8nBrBT4ixrwXFNP4oWVMH0COawo0FU3Ofl7h7Ekf9jAod8J4UW8i4eeGfaAu8mUtQKZcUmoXYt0LBjG5TZ8lmc1PPxSpkqW2OARqADH6_dB1NO2hgo8HkviLYhSK3N0bvoZg1tGUJm9pnoGtuw37AaEIDSX3wY7D5BbmR1iTNQli-wr4RUuP7PADJQ5IUG9iL9ZauT0BqN1vxnl7y8cH3zJIyPudFdH99yVimwsE1IjFqcuL4wgJBzb2pwhS6YPTHsfDhm9RKvN7QKov9Wd1qthcFOLlziUr_25IHxJWde2cAZXyz11M1A4CohJuMOU5Vr_6wR44xme5iYWRJCI1Heb6IZtN7dNStlB2RItJzgK2BYXLVdZjhqhnJvm62I26oFgjGSG07LoNbz3uJf5b_mmJ28gSGcMrSK_2CmxVKKCeF6ijYkuKaPqtO41_hbxQLIlJWCXZCJm6DwsJyypFMegT9caftqYpV9RbC6F6OkwLg0MM-TbdsMtpKBjIG0OYLRVpHySCEpmwRZGUpgWwedidLW3_nsZdxHvTxOMg_2BCixhGLnOFZzRlBeGexd0l7vPloUlTZ5a32HhqZ_ubvBXxs21TPmBkjm9P7dK56QlCLKWiM2Z4pNVo0CMyb47Z3A1qZ7hFniq214m3-Dwhg7TYJrlUGSRBCBeewBaL-DCdKCOOQ3uDA5QgF74d8nY41v7fbcFKZdsQvPl4VWV-uoCCK1uchBI2a0wGrEUMT_jmJCoKRR_eQ-GlqNP2OIM1T__b84-FhVYj3yI2XlM19qwjRk_BpgNgAw8XhTMJ&reqid=ZAHbIRrVKL0T40AV&type=CLICK&pos=41,1,-16%,Đã bán 1
1,Điện thoại Samsung Galaxy Z Flip 4 (8GB/256GB),14.990.000₫,https://tka.tiki.vn/pixel/pixel?data=4R7nZ-vl3cNeD9fiu_YE2rClUoh1aDSeJcQX01e0ddfvbwzr4DWOPTbYTrTrNq_bWYAd5TIwYTNPLyP2MiMd23iYJJBxYxjEpEwuoBtcWvi5zPGz1ckOplVyd9x3IxAKMoLLuXL0RbnPBw-t9kbjVGwrHXwdF9AIaax-BNBXJh53gUqfj7l9BBhe6AWY-EYOrTNj6uz7QXZ5OFD1zaymfJDwFS1cM6trhgJ0o1caWVQ-PihY1MMauqS1RVa2ckRuoxyR6VnKVg_rUA_CHyOgXw17ZDLZqZfWrh_sxuqYlk1WP3J9EAnDn8X26IO_t_0VyZ70-8SR67RVAmM3myqhBlzcFuCcx9S1lFhDB5-3kCLZOwByJAOzzKllBSkGX-NFblyqryjtNA8cobYcfi1-U4I6khLhTZmCGwvAAu3lMV6egslPlVOplrHlevGGToRoa3RlLMTQFCtvzlx2ohBth4166dJxMOGCL5xSHCLm03LrVMYfeEt9UNN9BSy4BXvTbDpRC1qG4XZXNwtIvYh9spxQaADEQ0dJREL9Srsgz0Qacqr-SY3WKQ5nGwnDik-CTytS1DWR_z1GJAEUolsNAZIg5LO_RFt0_LYn1UgfXmzP1nhG-pzTK_mJQeBx1ztyezQUpy0KRmDJWVQ7H2UtH-dIa5Z-LXkPlVpTma8oUOtHFbpcCjqmq6mzUeXcbU1sCP_4O7AkkG53eRDgqgIxQE25U33dmXcNNDld4URRw3oX-On61axh9HSN8CAUkfzjAq3dWAzUz_F5TyIjbvDfwYnKSrJgA3JhqfajLb8bU1bMQe6dhcWFpwuJ6eRIGuDSEMjovJjz1Tmdfo6pg_EtxFY3Lwx4_m4wj8erAo5WP8Tgo6mxXnNEWDUwtZ66YkdFqlTMQMv37AWrDhx-M8LkR3t6elRZeSxxeDakW6UXoD-AERStNH5HRWEaIudWrcmosfhZaI_FM-dsy2sSaI4KR9gXAXfG1rkZP09QFJWBinCEVIBB7VCiQnmVYYiZDqEy5gu5c7xumYMi7AiZYo3CYCDUMnRjqdDvJpti&reqid=ZAHbIRrVKL0T40AV&type=CLICK&pos=42,2,-42%,Đã bán 97
2,Điện Thoại Samsung Galaxy A54 5G (8GB/128GB) - Hàng Chính Hãng - Đã kích hoạt bảo hành điện tử,7.250.000₫,https://tka.tiki.vn/pixel/pixel?data=EBV9lUrS8huxu3vcmS6-uZwruALKFMugUNB_M4oRMZMRurPZBhjznzTF7hJ5Fo7OkMsfgyzkYip2N5nQlWUmT_gce8fpHtcW-qTvD2OQnJfNk6dGy_37oPUgRxHDuO4UhiWmJbH6teaC3ttXNfota5lCf58c1DhCMtkfgHKkRkEEJI7H5AEHuhIKGgAw-f6J7vmqd1tpxp0_bJ95M41hC4mIKFIBi93NgETVDsFt5l-_rTsSi1n403jW2WqcNyozUJJdk9Uhv7mY0dtytn4Cqn1OyvKWYeF9x0TF9jgJNJjXxIsPANWVDaqRGpFb3AOASmd41ijVWqbuCP_yt0_J2PKBKxcXtSVAlDxkM8PshbL7oB8TDK6y5a52ZrOgB62s-OGH-cRWikSqhwUfnQeaA4P26M-FEBd5Z7f7Ws7HTOByb0_TbSfYMW-pv4i3xJEA2VRtj0sLB_tmakWP5YQ2_64e1yhP1tDDdkqc3RmByXibVOfQQbVSufOSu21ikA6SJSyGFG8wtLOoUjoazRb4WmIwnIbKBJNWv0osKvlQ6sAevaQYGxDLwF33MP-QyEUPl9lUd9hn0bF-kzXrJd2wmXQFBRj1zoNrbPmN40C1p8eePPnS0vmFnOQH9StpUjVquqWfs7LNZJpx2NucSdILh9SHq4WrULgXkIGTWtjB_DD9pGSSmE7gtwdKXxKpQKhPzgpAk74xDrK8kz3O5thlIwRHnylEdNow5L_ljrKZS-AyAU9VCzDMmeY8_TM1yNEQc3eiG_1dLH35mvd_fW4R2ImOydX7EOMDc8FxpgdMIOkciyi0CvL22SNEL7ApLm2jvzFCGu9bl4AKJtaiVFfM05fq6xfXXGGU9qRGdsLHuMkCbssnzfbsDT1ZUnD9bmo8mfVd5_fk9YmSufDMCkRIpJ8m1eLlG1nin-TaNE6AdxZOj3ERpxCdrbmCjb8VdOpSf4NiHq8s1xFTMC2SC0nEhNqxTmylpJA_PRoJ-6uIG0VSbj5O-rMSU2_-Z_UNQzXXDgwz1lULZsuMTXCou9kgua5sOBx1oRmvEfM-GzjLtJaenQ4ELqIlxHdYF5ZS&reqid=ZAHbIRrVKL0T40AV&type=CLICK&pos=43,3,-31%,Đã bán 13
3,Điện Thoại Samsung Galaxy A54 5G (8GB/256GB) - Hàng Chính Hãng - Đã kích hoạt bảo hành điện tử,8.390.000₫,https://tka.tiki.vn/pixel/pixel?data=r4jXqbGEd_SwDsUOez8fysQPy9dMe1GHI6wtED_zFsWh4K_ueVh-wfbzUFXU3XQsi3DEf_rF78FWDbOOYhblTz2S8DSZhyif7tp0BB0vtbIi6kpZoZtWcpaILsbxLGCqoqni9gwmOYeR9qpWDoeakgrNOZm_6FoDPB1XnDsZNzXqW9zFnwtUGhac9Crzt6JKLbIlrvZOMgKCTQC7INdm5DSsSN-4uDdMdZMhOCuH0XdOGyXK1HX1OjJJexyUgxJd3ttp6DHFRa-TPAX-Wq6MIIlbuGup2j9wTbh9uEjwbkOgF5CJNn6adBpk-yxA7JeM4GWSK1DHGHvdYyb7sgcaTO97af837QDyK_ZN0ipguvr-eftWbX3oNCbjZsW_2dIFs_rc-xAmpHM99AWghLrxTIq_1e23BOknBfLdu_1LScA2WeJlBKUMimdKsyqLESxeRFlwi6bafunTJLLLEjiVDSyqZXgzAQ-2WYkZvXxQlEu3sQu8ndD_pktYTfsGTpTu5GoK0m4aI4Xd_EI604vv1zqqUDfJYAtIJ2Uw7Jx2ClEsGenLsD7JUnWbi0skPTofZmqe9fxl-EnU0vL4596ezC44ekzvkgNyuqwo7rM7H24MbKPUObDMcb_l1lPIar7JDvcGd01g9IJ8TgM4bz-fpMxdUGqkTDxcGo-Yh40upj7KPn2eut4Ocz4D4ORPRMkAoYBojD9akgN7qSSAfg5I26ne5a-NA_ZhMU8cJlNYJ9aWTDp4QQr_Xrwe3_AqoDXk-7qAuOAY5XdiUq4ehYZh2JOTvC1pHBVrI1F5sFD80WX2rzYBU6h63-z_Nchiw2AIJkL2vDbbGHVlNhARMeOelG1qunRkswvxDdDMEjSBv9PoCnVUrD-4CweTTqL5Hs8Uambum7pQx51Beu1DwFFDp9PgfBZjDHfc9WMSut71Yjk4RnW0u7o-qb8gDEr7xzzSDBHjgrUbrFVPIWaF9YsKAE_FKM69i_oSeZgorUHO3bgbN5f1Vw5jD-ARpLni_AmBiJOgKL50C1lyKgJ245VWYCMSbN8hMF-IPxrRsuTr7poI_8i7yl9uml0uAzUl&reqid=ZAHbIRrVKL0T40AV&type=CLICK&pos=44,4,-27%,Đã bán 4
4,Điện thoại Samsung Galaxy S23 Plus 5G 8GB/256GB - Hàng chính hãng - ĐÃ KÍCH HOẠT BẢO HÀNH ĐIỆN TỬ,16.000.000₫,https://tiki.vn/dien-thoai-samsung-galaxy-s23-plus-5g-8gb-256gb-hang-chinh-hang-da-kich-hoat-bao-hanh-dien-tu-p225298417.html?spid=225961870,5,-28%,
5,Điện thoại Samsung Galaxy A14 (4GB/128GB) - Hàng Chính Hãng - Đã kích hoạt bảo hành điện tử,3.672.000₫,https://tiki.vn/dien-thoai-samsung-galaxy-a14-4gb-128gb-hang-chinh-hang-da-kich-hoat-bao-hanh-dien-tu-p247925719.html?spid=248792322,6,-11%,Đã bán 2
6,Điện Thoại Di Động Samsung Galaxy A33 (5G) 6GB | 128GB - Hàng Chính Hãng,7.000.000₫,https://tiki.vn/dien-thoai-di-dong-samsung-galaxy-a33-5g-6gb-128gb-hang-chinh-hang-p179753588.html?spid=207923879,7,-23%,
7,Điện thoại Samsung Galaxy S23 Ultra 12GB/512GB Xanh lục - Hàng chính hãng,34.000.000₫,https://tiki.vn/dien-thoai-samsung-galaxy-s23-ultra-12gb-512gb-xanh-luc-hang-chinh-hang-p225234424.html?spid=225961882,8,-25%,
8,Điện thoại Samsung Galaxy S23 Ultra 5G (8GB/256GB),27.000.000₫,https://tiki.vn/dien-thoai-samsung-galaxy-s23-ultra-5g-8gb-256gb-hang-chinh-hang-p216174917.html?spid=217088027,9,-30%,Đã bán 1
9,Điện thoại Samsung Galaxy A54 5G (8GB/128GB) - Hàng chính hãng,9.120.000₫,https://tiki.vn/dien-thoai-samsung-galaxy-a54-5g-8gb-128gb-hang-chinh-hang-p247730281.html?spid=248783910,10,-24%,
10,Điện Thoại Samsung Galaxy A34 5G - Hàng Chính Hãng,7.164.000₫,https://tiki.vn/dien-thoai-samsung-galaxy-a34-5g-hang-chinh-hang-p262516014.html?spid=262516020,11,-16%,
11,Điện thoại Samsung Galaxy S22 Plus 5G (8GB/128GB),19.980.000₫,https://tiki.vn/dien-thoai-samsung-galaxy-s22-plus-5g-8gb-128gb-hang-chinh-hang-p162583902.html?spid=196284523,12,-25%,
12,Điện Thoại Samsung Galaxy A04 (3GB/32GB) - Hàng Chính Hãng - Đã kích hoạt bảo hành điện tử,2.150.000₫,https://tiki.vn/dien-thoai-samsung-galaxy-a04-3gb-32gb-hang-chinh-hang-da-kich-hoat-bao-hanh-dien-tu-p212040697.html?spid=212040699,13,-29%,Đã bán 35
13,Điện thoại Samsung Galaxy M14 5G (4GB/128GB) - Hàng chính hãng,3.560.000₫,https://tiki.vn/dien-thoai-samsung-galaxy-m14-5g-4gb-128gb-hang-chinh-hang-p273411606.html?spid=273411614,14,-31%,
14,Điện Thoại Samsung Galaxy A14 (6GB/128GB) - Hàng Chính Hãng,3.850.000₫,https://tiki.vn/dien-thoai-samsung-galaxy-a14-6gb-128gb-hang-chinh-hang-p261946899.html?spid=273371226,15,-10%,
15,Điện Thoại Samsung Galaxy Z Fold5 5G - Hàng Chính Hãng - Đã kích hoạt bảo hành điện tử,33.900.000₫,https://tiki.vn/dien-thoai-samsung-galaxy-z-fold5-5g-hang-chinh-hang-da-kich-hoat-bao-hanh-dien-tu-p271163328.html?spid=271163330,16,-41%,
16,Điện thoại Samsung Galaxy S23 Ultra 5G 8GB/256GB - Hàng chính hãng - ĐÃ KÍCH HOẠT BẢO HÀNH ĐIỆN TỬ,22.490.000₫,https://tiki.vn/dien-thoai-samsung-galaxy-s23-ultra-5g-8gb-256gb-hang-chinh-hang-da-kich-hoat-bao-hanh-dien-tu-p225263865.html?spid=225263869,17,-16%,Đã bán 3
17,Điện thoại Samsung Galaxy S22 Plus 5G (8GB/256GB),21.480.000₫,https://tiki.vn/dien-thoai-samsung-galaxy-s22-plus-5g-8gb-256gb-hang-chinh-hang-p162583980.html?spid=196285903,18,,Đã bán 1
18,Điện Thoại Samsung Galaxy S20 FE 8GB/256GB - Hàng Chính Hãng - Đã Kích Hoạt Bảo Hành Điện Tử,8.625.000₫,https://tiki.vn/dien-thoai-samsung-galaxy-s20-fe-8gb-256gb-hang-chinh-hang-da-kich-hoat-bao-hanh-dien-tu-p212926651.html?spid=248914122,19,,
19,Điện thoại Samsung Galaxy A23 5G 4GB/128GB Xanh - Hàng chính hãng,4.580.000₫,https://tiki.vn/dien-thoai-samsung-galaxy-a23-5g-4gb-128gb-xanh-hang-chinh-hang-p273244775.html?spid=273244776,20,,
20,Điện Thoại Samsung Galaxy M14 5G - Hàng Chính Hãng,4.212.000₫,https://tiki.vn/dien-thoai-samsung-galaxy-m14-5g-hang-chinh-hang-p253443652.html?spid=253443662,21,,
21,Điện thoại Samsung S22 Plus 8GB/128GB Đen - Hàng Chính Hãng,15.990.000₫,https://tiki.vn/dien-thoai-samsung-s22-plus-8gb-128gb-den-hang-chinh-hang-p188044095.html?spid=208497061,22,,
22,Điện thoại Samsung Galaxy A05 (4GB/128GB) - Hàng chính hãng - ĐÃ KÍCH HOẠT BẢO HÀNH ĐIỆN TỬ,2.600.000₫,https://tiki.vn/dien-thoai-samsung-galaxy-a05-4gb-128gb-hang-chinh-hang-da-kich-hoat-bao-hanh-dien-tu-p272392928.html?spid=272392932,23,,Đã bán 1
23,Điện thoại Samsung Galaxy A05s (4GB/128GB) - Hàng chính hãng,3.233.000₫,https://tiki.vn/dien-thoai-samsung-galaxy-a05s-4gb-128gb-hang-chinh-hang-p272273680.html?spid=273364804,24,,
24,Điện Thoại Samsung Galaxy M14 5G (4GB/64GB) - Hàng Chính Hãng,6.000.000₫,https://tiki.vn/dien-thoai-samsung-galaxy-m14-5g-4gb-64gb-hang-chinh-hang-p253443788.html?spid=253443792,25,,
25,Điện Thoại Samsung Galaxy A24 (6GB/128GB) - Hàng Chính Hãng,6.490.000₫,https://tiki.vn/dien-thoai-samsung-galaxy-a24-6gb-128gb-hang-chinh-hang-p262660017.html?spid=262660021,26,,
26,Điện Thoại Samsung A04s 4GB/64GB - Hàng Chính Hãng,2.839.000₫,https://tiki.vn/dien-thoai-samsung-a04s-4gb-64gb-hang-chinh-hang-p197966909.html?spid=197966913,27,,Đã bán 79
27,Điện thoại Samsung Galaxy A04 (3G+32G) SM-A045F Đen - Hàng Chính Hãng (chỉ giao HN và một số khu vực),2.400.000₫,https://tiki.vn/dien-thoai-samsung-galaxy-a04-3g-32g-sm-a045f-den-hang-chinh-hang-chi-giao-hn-va-mot-so-khu-vuc-p207268158.html?spid=225919266,28,,
28,Điện thoại Samsung Galaxy Z Fold4 5G (12GB/512GB) - Hàng chính hãng,42.000.000₫,https://tiki.vn/dien-thoai-samsung-galaxy-z-fold4-5g-12gb-512gb-hang-chinh-hang-p196197861.html?spid=208497346,29,,
29,Điện thoại Samsung Galaxy Z Fold 4 5G 256GB Kem - Hàng chính hãng,38.000.000₫,https://tiki.vn/dien-thoai-samsung-galaxy-z-fold-4-5g-256gb-kem-hang-chinh-hang-p193206432.html?spid=212606790,30,,
30,Điện Thoại Samsung A04e 3GB/32GB - Hàng Chính Hãng,2.060.000₫,https://tiki.vn/dien-thoai-samsung-a04e-3gb-32gb-hang-chinh-hang-p242771940.html?spid=242771950,31,,
31,Điện thoại Samsung Galaxy A04 (3GB / 32GB) - Hàng chính hãng - Mới 100% Nguyên Seal - Pin Khủng 5000 mAh - Bảo Hành 12 Tháng,2.400.000₫,https://tiki.vn/dien-thoai-samsung-galaxy-a04-3gb-32gb-hang-chinh-hang-moi-100-nguyen-seal-pin-khung-5000-mah-bao-hanh-12-thang-p213931247.html?spid=216738422,32,,
32,Điện thoại Samsung Galaxy A05 (4GB/128GB) - Hàng chính hãng,2.789.000₫,https://tiki.vn/dien-thoai-samsung-galaxy-a05-4gb-128gb-hang-chinh-hang-p272238679.html?spid=272238681,33,,Đã bán 2
33,Điện Thoại Samsung M14 5G 6GB/128GB - Hàng Chính Hãng,5.292.000₫,https://tiki.vn/dien-thoai-samsung-m14-5g-6gb-128gb-hang-chinh-hang-p253395356.html?spid=253425512,34,,
34,Điện Thoại Samsung Galaxy A54 5G - Hàng Chính Hãng,9.120.000₫,https://tiki.vn/dien-thoai-samsung-galaxy-a54-5g-hang-chinh-hang-p262516933.html?spid=262516951,35,,
35,Điện thoại Samsung Galaxy S23 Plus 5G (8GB/512GB),28.191.000₫,https://tiki.vn/dien-thoai-samsung-galaxy-s23-plus-5g-8gb-512gb-hang-chinh-hang-p216174672.html?spid=217089537,36,,
36,Điện thoại Samsung Galaxy S23 Plus 8GB/256GB Tím - Hàng chính hãng,16.000.000₫,https://tiki.vn/dien-thoai-samsung-galaxy-s23-plus-8gb-256gb-tim-hang-chinh-hang-p225243333.html?spid=225961869,37,,
37,Điện thoại Samsung Galaxy S23 Ultra 512GB - Hàng chính hãng,36.990.000₫,https://tiki.vn/dien-thoai-samsung-galaxy-s23-ultra-512gb-hang-chinh-hang-p242712931.html?spid=242712939,38,,
38,Điện thoại Samsung Galaxy Z Flip5 (8GB/512GB) - Hàng chính hãng,17.639.000₫,https://tiki.vn/dien-thoai-samsung-galaxy-z-flip5-8gb-512gb-hang-chinh-hang-p271134741.html?spid=271134747,39,,
39,Điện Thoại Samsung Galaxy Z Fold 4 (12GB/256GB) - ĐÃ KÍCH HOẠT ĐIỆN TỬ - Hàng Chính Hãng,38.000.000₫,https://tiki.vn/dien-thoai-samsung-galaxy-z-fold-4-12gb-256gb-da-kich-hoat-dien-tu-hang-chinh-hang-p195977553.html?spid=216984326,40,,Đã bán 1
40,Điện thoại Samsung Galaxy A05 (4GB/128GB)- Helio G85 - Sạc nhanh 25W - Hàng chính hãng,2.596.000₫,https://tiki.vn/dien-thoai-samsung-galaxy-a05-4gb-128gb-hang-chinh-hang-p273438458.html?spid=273438460,41,,
41,Điện thoại Samsung Galaxy A24 (6GB/128GB) - Hàng chính hãng - ĐÃ KÍCH HOẠT BẢO HÀNH ĐIỆN TỬ,6.084.000₫,https://tiki.vn/dien-thoai-samsung-galaxy-a24-6gb-128gb-hang-chinh-hang-da-kich-hoat-bao-hanh-dien-tu-p262589811.html?spid=270541807,42,,
42,Điện Thoại Samsung Galaxy A24 (8GB/128GB) - Hàng Chính Hãng,6.084.000₫,https://tiki.vn/dien-thoai-samsung-galaxy-a24-8gb-128gb-hang-chinh-hang-p270544863.html?spid=270636866,43,,
43,Điện Thoại Samsung A14 5G 4GB/128GB - Hàng Chính Hãng,5.000.000₫,https://tiki.vn/dien-thoai-samsung-a14-5g-4gb-128gb-hang-chinh-hang-p215617756.html?spid=215772279,44,,
0,Điện thoại Samsung Galaxy A05s (4GB/128GB) - Hàng chính hãng,3.449.000₫,https://tiki.vn/dien-thoai-samsung-galaxy-a05s-4gb-128gb-hang-chinh-hang-p272241346.html?spid=272241350,1,-14%,
1,Điện Thoại Samsung Galaxy A05s (4GB/128GB) - Hàng Chính Hãng,3.980.000₫,https://tiki.vn/dien-thoai-samsung-galaxy-a05s-4gb-128gb-hang-chinh-hang-p273029857.html?spid=273550765,2,-19%,
2,Điện Thoại Samsung Galaxy S23 Ultra 5G - Hàng Chính Hãng,30.000.000₫,https://tiki.vn/dien-thoai-samsung-galaxy-s23-ultra-5g-hang-chinh-hang-p225961272.html?spid=225961274,3,-29%,
3,Điện Thoại Samsung Galaxy M14 5G (6GB/128GB) - Hàng Chính Hãng,5.292.000₫,https://tiki.vn/dien-thoai-samsung-galaxy-m14-5g-6gb-128gb-hang-chinh-hang-p253443951.html?spid=253443957,4,-27%,
4,Điện thoại Samsung A33 5G 6GB/128GB Trắng - Hàng Chính Hãng,7.000.000₫,https://tiki.vn/dien-thoai-samsung-a33-5g-6gb-128gb-trang-hang-chinh-hang-p188834734.html?spid=196285515,5,-29%,
5,Điện Thoại Samsung Galaxy Z Fold 4 - Hàng Chính Hãng,38.531.000₫,https://tiki.vn/dien-thoai-samsung-galaxy-z-fold-4-hang-chinh-hang-p197605784.html?spid=252533900,6,,
6,Điện Thoại Samsung Galaxy M14 5G (4GB/128GB) - Hàng Chính Hãng,4.212.000₫,https://tiki.vn/dien-thoai-samsung-galaxy-m14-5g-4gb-128gb-hang-chinh-hang-p253443894.html?spid=253443902,7,,Đã bán 1
7,Điện thoại Samsung Galaxy S23 Ultra 12GB/1TB Tím - Hàng chính hãng,42.000.000₫,https://tiki.vn/dien-thoai-samsung-galaxy-s23-ultra-12gb-1tb-tim-hang-chinh-hang-p225235791.html?spid=225961883,8,,
8,Điện thoại Samsung Galaxy A24 - Hàng chính hãng,5.808.000₫,https://tiki.vn/dien-thoai-samsung-galaxy-a24-hang-chinh-hang-p267178005.html?spid=270541823,9,,
9,Điện Thoại Samsung Galaxy S23 (8GB/128GB) - Hàng Chính Hãng,22.990.000₫,https://tiki.vn/dien-thoai-samsung-galaxy-s23-8gb-128gb-hang-chinh-hang-p248880498.html?spid=248880506,10,,Đã bán 1
10,Điện Thoại Samsung Galaxy A54 5G (8GB/256GB) - Hàng Chính Hãng,11.490.000₫,https://tiki.vn/dien-thoai-samsung-galaxy-a54-5g-8gb-256gb-hang-chinh-hang-p248911602.html?spid=248911604,11,,
11,Điện thoại Samsung Galaxy S23 Plus 8GB/256GB Đen - Hàng chính hãng,25.000.000₫,https://tiki.vn/dien-thoai-samsung-galaxy-s23-plus-8gb-256gb-den-hang-chinh-hang-p225246744.html?spid=225961875,12,,
12,Điện thoại Samsung Galaxy A04 (3GB/32GB) - Hàng chính hãng,2.400.000₫,https://tiki.vn/dien-thoai-samsung-galaxy-a04-3gb-32gb-hang-chinh-hang-p201631518.html?spid=203982961,13,,Đã bán 4
13,"Điện Thoại Samsung A05s 4GB/128GB , Snapdragon 680 , Sạc nhanh 25W - Hàng Chính Hãng",3.251.000₫,https://tiki.vn/dien-thoai-samsung-a05s-4gb-128gb-snapdragon-680-sac-nhanh-25w-hang-chinh-hang-p273438724.html?spid=273438726,14,,
14,Điện Thoại Samsung Galaxy A54 5G (8GB/128GB) - Hàng Chính Hãng,10.490.000₫,https://tiki.vn/dien-thoai-samsung-galaxy-a54-5g-8gb-128gb-hang-chinh-hang-p248911447.html?spid=248911449,15,,
15,Điện thoại Samsung Galaxy S23 Ultra 5G 12GB/512GB - Hàng chính hãng - ĐÃ KÍCH HOẠT BẢO HÀNH ĐIỆN TỬ,33.000.000₫,https://tiki.vn/dien-thoai-samsung-galaxy-s23-ultra-5g-12gb-512gb-hang-chinh-hang-da-kich-hoat-bao-hanh-dien-tu-p225267444.html?spid=225961862,16,,
16,Điện thoại Samsung Galaxy A14 5G A146P (4+128G) Đen - Hàng Chính Hãng (chỉ giao HN và một số khu vực),5.080.000₫,https://tiki.vn/dien-thoai-samsung-galaxy-a14-5g-a146p-4-128g-den-hang-chinh-hang-chi-giao-hn-va-mot-so-khu-vuc-p219397711.html?spid=222661019,17,,
17,Điện thoại Samsung Galaxy A54 5G (8GB/128GB) - Hàng chính hãng,7.399.000₫,https://tiki.vn/dien-thoai-samsung-galaxy-a54-5g-8gb-128gb-hang-chinh-hang-p248886140.html?spid=248886144,18,,
18,Điện thoại Samsung Galaxy Z Flip 4 5G 128GB Tím - Hàng chính hãng,22.551.000₫,https://tiki.vn/dien-thoai-samsung-galaxy-z-flip-4-5g-128gb-tim-hang-chinh-hang-p193207892.html?spid=213541889,19,,
19,Điện thoại Samsung Galaxy A14 LTE (4GB/128GB) - Hàng chính hãng,3.672.000₫,https://tiki.vn/dien-thoai-samsung-galaxy-a14-lte-4gb-128gb-hang-chinh-hang-p245770806.html?spid=248792315,20,,
20,Điện thoại Samsung Galaxy Z Fold 4 5G 256GB Đen - Hàng chính hãng,38.531.000₫,https://tiki.vn/dien-thoai-samsung-galaxy-z-fold-4-5g-256gb-den-hang-chinh-hang-p193206657.html?spid=205113342,21,,
21,Điện Thoại Samsung Galaxy A54 5G (8GB/256GB) - Hàng Chính Hãng - Đã kích hoạt bảo hành điện tử,8.390.000₫,https://tiki.vn/dien-thoai-samsung-galaxy-a54-5g-8gb-256gb-hang-chinh-hang-da-kich-hoat-bao-hanh-dien-tu-p252392905.html?spid=252392909,22,,Đã bán 4
22,Điện Thoại Samsung Galaxy S23 5G - Hàng Chính Hãng,16.675.000₫,https://tiki.vn/dien-thoai-samsung-galaxy-s23-5g-hang-chinh-hang-p225959581.html?spid=225959598,23,,
23,Điện Thoại Samsung Galaxy Z Flip 4 - Hàng Chính Hãng,20.250.000₫,https://tiki.vn/dien-thoai-samsung-galaxy-z-flip-4-hang-chinh-hang-p197605015.html?spid=213541898,24,,
24,Điện thoại Samsung A33 5G 6GB/128GB Đen - Hàng Chính Hãng,6.800.000₫,https://tiki.vn/dien-thoai-samsung-a33-5g-6gb-128gb-den-hang-chinh-hang-p188833923.html?spid=196285822,25,,
25,Điện Thoại Samsung Galaxy A04 (3GB/32GB) - Hàng Chính Hãng - Đã kích hoạt bảo hành điện tử,2.400.000₫,https://tiki.vn/dien-thoai-samsung-galaxy-a04-3gb-32gb-hang-chinh-hang-da-kich-hoat-bao-hanh-dien-tu-p212040689.html?spid=216738430,26,,
26,Điện thoại Samsung Galaxy A04s (4GB/64GB) - Hàng chính hãng,3.990.000₫,https://tiki.vn/dien-thoai-samsung-galaxy-a04s-4gb-64gb-hang-chinh-hang-p198858451.html?spid=198858461,27,,Đã bán 11
27,Điện thoại Samsung Galaxy A14 5G (4GB/128GB) - Hàng chính hãng,5.000.000₫,https://tiki.vn/dien-thoai-samsung-galaxy-a14-5g-4gb-128gb-hang-chinh-hang-p216934468.html?spid=216974428,28,,Đã bán 1
28,Điện Thoại Samsung Galaxy A14 5G (4GB/128GB) - Hàng Chính hãng,5.190.000₫,https://tiki.vn/dien-thoai-samsung-galaxy-a14-5g-4gb-128gb-hang-chinh-hang-p215543460.html?spid=215543466,29,,Đã bán 1
29,Điện thoại Samsung Galaxy Z Flip4 5G - Hàng chính hãng,20.250.000₫,https://tiki.vn/dien-thoai-samsung-galaxy-z-flip4-5g-hang-chinh-hang-p194961039.html?spid=207924034,30,,
30,Điện thoại Samsung Galaxy A33 5G (8/128GB) - Hàng chính hãng,8.500.000₫,https://tiki.vn/dien-thoai-samsung-galaxy-a33-5g-8-128gb-chinh-hang-p181699058.html?spid=196285153,31,,
31,Điện thoại Samsung S22 Plus 8GB/256GB Đen - Hàng Chính Hãng,25.025.000₫,https://tiki.vn/dien-thoai-samsung-s22-plus-8gb-256gb-den-hang-chinh-hang-p188127351.html?spid=208497058,32,,
32,Điện Thoại Samsung Galaxy S20 FE (8GB/256GB) - Hàng Chính Hãng,8.625.000₫,https://tiki.vn/dien-thoai-samsung-galaxy-s20-fe-hang-chinh-hang-p68693081.html?spid=196284533,33,,Đã bán 1
33,Điện thoại Samsung Galaxy S23 Ultra 1TB - Hàng chính hãng,44.990.000₫,https://tiki.vn/dien-thoai-samsung-galaxy-s23-ultra-1tb-hang-chinh-hang-p244182370.html?spid=244182380,34,,
34,Điện thoại Samsung Galaxy S22 Plus 5G (8GB/128GB) - Hàng Chính Hãng,24.912.000₫,https://tiki.vn/dien-thoai-samsung-galaxy-s22-plus-5g-8gb-128gb-hang-chinh-hang-p174598949.html?spid=196284892,35,,
35,Điện thoại Samsung Galaxy A04s (4GB/64GB) - Hàng chính hãng,2.850.000₫,https://tiki.vn/dien-thoai-samsung-galaxy-a04s-4gb-64gb-hang-chinh-hang-p197670818.html?spid=225211081,36,,Đã bán 7
36,Điện thoại Samsung Galaxy Z Fold 4 (12GB/256GB) - Hàng chính hãng,38.000.000₫,https://tiki.vn/dien-thoai-samsung-galaxy-z-fold-12gb-256gb-hang-chinh-hang-p194041787.html?spid=196284598,37,,
37,Điện thoại Samsung Galaxy S23 Ultra (8GB/256GB) - Hàng chính hãng,30.000.000₫,https://tiki.vn/dien-thoai-samsung-galaxy-s23-ultra-8gb-256gb-hang-chinh-hang-p225910655.html?spid=225961847,38,,
38,Điện thoại Samsung Galaxy A03s (3GB/32GB) - Hàng chính hãng,2.990.000₫,https://tiki.vn/dien-thoai-samsung-galaxy-a03s-3gb-32gb-hang-chinh-hang-p217559440.html?spid=217559444,39,,
39,Điện thoại Samsung Galaxy S23 5G 8GB/256GB - Hàng chính hãng - ĐÃ KÍCH HOẠT BẢO HÀNH ĐIỆN TỬ,18.125.000₫,https://tiki.vn/dien-thoai-samsung-galaxy-s23-5g-8gb-256gb-hang-chinh-hang-da-kich-hoat-bao-hanh-dien-tu-p230008424.html?spid=249347608,40,,
0,Điện thoại Samsung Galaxy Z Fold4 5G (12GB/256GB) - Hàng chính hãng,40.990.000₫,https://tiki.vn/dien-thoai-samsung-galaxy-z-fold4-5g-12gb-256gb-hang-chinh-hang-p196197701.html?spid=196197705,1,-14%,
1,Điện thoại Samsung Galaxy A34 5G 8GB/128GB Xanh - Hàng chính hãng,7.290.000₫,https://tiki.vn/dien-thoai-samsung-galaxy-a34-5g-8gb-128gb-xanh-hang-chinh-hang-p249178196.html?spid=249178197,2,,
2,Điện thoại Samsung Galaxy S22 Plus 5G (8GB/256GB) - Hàng Chính Hãng,23.900.000₫,https://tiki.vn/dien-thoai-samsung-galaxy-s22-plus-5g-8gb-256gb-hang-chinh-hang-p174599533.html?spid=196285305,3,,
3,Điện thoại Samsung Galaxy A04 (3GB/32GB) - Hàng chính hãng,2.400.000₫,https://tiki.vn/dien-thoai-samsung-galaxy-a04-3gb-32gb-hang-chinh-hang-p204066551.html?spid=207923567,4,,
4,Điện thoại Samsung Galaxy A05s 4GB/128GB- Hàng Chính hãng,3.980.000₫,https://tiki.vn/dien-thoai-samsung-galaxy-a05s-4gb-128gb-hang-chinh-hang-p273186334.html?spid=273550703,5,,
5,Điện thoại Samsung Galaxy Z Flip 4 5G 256GB Vàng - Hàng chính hãng,20.915.000₫,https://tiki.vn/dien-thoai-samsung-galaxy-z-flip-4-5g-256gb-vang-hang-chinh-hang-p193209870.html?spid=212607462,6,,
6,Điện Thoại Samsung Galaxy Z Fold4 5G (12GB/256GB) - Hàng Chính Hãng - Đã kích hoạt bảo hành điện tử,38.531.000₫,https://tiki.vn/dien-thoai-samsung-galaxy-z-fold4-5g-12gb-256gb-hang-chinh-hang-da-kich-hoat-bao-hanh-dien-tu-p221230394.html?spid=252536595,7,,
7,Điện thoại Samsung Galaxy Z Fold 4 5G 256GB Xám - Hàng chính hãng,38.000.000₫,https://tiki.vn/dien-thoai-samsung-galaxy-z-fold-4-5g-256gb-xam-hang-chinh-hang-p193206340.html?spid=205113327,8,,
8,Điện thoại Samsung Galaxy S22 Plus 5G (8GB/256GB) - Hàng chính hãng - ĐÃ KÍCH HOẠT BẢO HÀNH ĐIỆN TỬ,23.000.000₫,https://tiki.vn/dien-thoai-samsung-galaxy-s22-plus-5g-8gb-256gb-hang-chinh-hang-da-kich-hoat-bao-hanh-dien-tu-p168062573.html?spid=216715241,9,,
9,Điện thoại Samsung Galaxy A34 5G 8GB/128GB Bạc - Hàng chính hãng,7.164.000₫,https://tiki.vn/dien-thoai-samsung-galaxy-a34-5g-8gb-128gb-bac-hang-chinh-hang-p249168949.html?spid=262512879,10,,
10,Điện thoại Samsung Galaxy Z Fold 4 (12GB/512GB) - Hàng chính hãng,42.000.000₫,https://tiki.vn/dien-thoai-samsung-galaxy-z-fold-12gb-512gb-hang-chinh-hang-p194041977.html?spid=196284828,11,,
11,Điện Thoại Samsung Galaxy A14 5G (4GB/128GB) - Hàng chính hãng - ĐÃ KÍCH HOẠT BẢO HÀNH ĐIỆN TỬ,5.000.000₫,https://tiki.vn/dien-thoai-samsung-galaxy-a14-5g-4gb-128gb-hang-chinh-hang-da-kich-hoat-bao-hanh-dien-tu-p248655651.html?spid=249347112,12,,Đã bán 1
12,Điện thoại Samsung Galaxy S23 Ultra 8GB/256GB Đen - Hàng chính hãng,30.071.000₫,https://tiki.vn/dien-thoai-samsung-galaxy-s23-ultra-8gb-256gb-den-hang-chinh-hang-p225231572.html?spid=249347787,13,,
13,Samsung Galaxy A34 5G A346E (8+128G) Silver Bạc - Hàng Chính Hãng (chỉ giao HN và một số khu vực),7.164.000₫,https://tiki.vn/samsung-galaxy-a34-5g-a346e-8-128g-silver-bac-hang-chinh-hang-chi-giao-hn-va-mot-so-khu-vuc-p251448280.html?spid=262512887,14,,
14,Điện Thoại Samsung Galaxy A33 5G (8GB/128GB) - ĐÃ KÍCH HOẠT ĐIỆN TỬ - Hàng Chính Hãng,8.990.000₫,https://tiki.vn/dien-thoai-samsung-galaxy-a33-5g-8gb-128gb-da-kich-hoat-dien-tu-hang-chinh-hang-p181517965.html?spid=181517967,15,,
15,Điện thoại Samsung Galaxy A33 A336E 5G Orange (DM) - Hàng Chính Hãng,7.000.000₫,https://tiki.vn/dien-thoai-samsung-galaxy-a33-a336e-5g-orange-dm-hang-chinh-hang-p191689653.html?spid=207923868,16,,
16,Điện thoại Samsung Galaxy A33 5G (6GB/128GB) - Hàng chính hãng,7.000.000₫,https://tiki.vn/dien-thoai-samsung-galaxy-a33-5g-6gb-128gb-hang-chinh-hang-p175147005.html?spid=196284849,17,,
17,Điện thoại Samsung Galaxy S23 Plus 8GB/512GB Tím - Hàng chính hãng,28.000.000₫,https://tiki.vn/dien-thoai-samsung-galaxy-s23-plus-8gb-512gb-tim-hang-chinh-hang-p225243804.html?spid=225961865,18,,
18,Điện thoại Samsung Galaxy A04s (4GB/64BG) - Hàng chính hãng,3.990.000₫,https://tiki.vn/dien-thoai-samsung-galaxy-a04s-4gb-64bg-hang-chinh-hang-p244355503.html?spid=244355505,19,,
19,Điện Thoại Samsung Galaxy A04e - Hàng Chính Hãng,2.340.000₫,https://tiki.vn/dien-thoai-samsung-galaxy-a04e-hang-chinh-hang-p272200109.html?spid=272200117,20,,
20,Điện thoại Samsung Galaxy Z Fold 4 5G 512GB Kem - Hàng chính hãng,42.000.000₫,https://tiki.vn/dien-thoai-samsung-galaxy-z-fold-4-5g-512gb-kem-hang-chinh-hang-p193207281.html?spid=213541903,21,,
21,Điện thoại Samsung Galaxy A04 32GB - Hàng chính hãng,2.400.000₫,https://tiki.vn/dien-thoai-samsung-galaxy-a04-32gb-hang-chinh-hang-p244332381.html?spid=252718626,22,,
22,Điện thoại Samsung Galaxy A04e (3GB/32GB) - Hàng chính hãng,2.325.000₫,https://tiki.vn/dien-thoai-samsung-galaxy-a04e-3gb-32gb-hang-chinh-hang-p245770363.html?spid=252718577,23,,
23,Điện thoại Samsung Galaxy A04s (4G+64G) A047F Đồng - Hàng Chính Hãng (chỉ giao HN và một số khu vực),2.990.000₫,https://tiki.vn/dien-thoai-samsung-galaxy-a04s-4g-64g-a047f-dong-p198732327.html?spid=204320076,24,,
24,Điện Thoại Samsung Galaxy A34 5G (8GB/256GB) - Hàng Chính Hãng,9.490.000₫,https://tiki.vn/dien-thoai-samsung-galaxy-a34-5g-8gb-256gb-hang-chinh-hang-p262516231.html?spid=262516233,25,,
25,Điện thoại Samsung Galaxy S23 Plus 8GB/512GB Xanh lục - Hàng chính hãng,28.000.000₫,https://tiki.vn/dien-thoai-samsung-galaxy-s23-plus-8gb-512gb-xanh-luc-hang-chinh-hang-p225260921.html?spid=225961874,26,,
26,Điện thoại Samsung A33 5G 6GB/128GB Xanh - Hàng Chính Hãng,6.800.000₫,https://tiki.vn/dien-thoai-samsung-a33-5g-6gb-128gb-xanh-hang-chinh-hang-p188833794.html?spid=196284352,27,,
27,Điện thoại Samsung Galaxy Z Flip4 5G (8 GB/128 GB) - Hàng chính hãng,20.250.000₫,https://tiki.vn/dien-thoai-samsung-galaxy-z-flip4-5g-8-gb-128-gb-hang-chinh-hang-p196200121.html?spid=208497473,28,,
28,Điện thoại di động Samsung A24 (6G/128G) - Hàng chính hãng - Đã kích hoạt bảo hành điện tử,5.808.000₫,https://tiki.vn/dien-thoai-di-dong-samsung-a24-6g-128g-hang-chinh-hang-da-kich-hoat-bao-hanh-dien-tu-p263060294.html?spid=270541831,29,,
29,Điện Thoại Samsung Galaxy A24 (6GB/128GB) - Hàng Chính Hãng,5.808.000₫,https://tiki.vn/dien-thoai-samsung-galaxy-a24-6gb-128gb-hang-chinh-hang-p261962220.html?spid=261962223,30,,
30,Điện thoại Samsung Galaxy A33 A336E 5G Xanh - Hàng Chính Hãng,7.000.000₫,https://tiki.vn/dien-thoai-samsung-galaxy-a33-a336e-5g-xanh-hang-chinh-hang-p191689713.html?spid=196284856,31,,
31,Điện thoại Samsung Galaxy A04s (4G+64G) A047F Xanh - Hàng Chính Hãng (chỉ giao HN và một số khu vực),2.990.000₫,https://tiki.vn/dien-thoai-samsung-galaxy-a04s-4g-64g-a047f-xanh-p198732321.html?spid=204320034,32,,
32,Điện Thoại Samsung Galaxy Z Flip 4 (8GB/128GB) - Hàng Chính Hãng - Đã kích hoạt bảo hành điện tử,22.551.000₫,https://tiki.vn/dien-thoai-samsung-galaxy-z-flip-4-8gb-128gb-hang-chinh-hang-da-kich-hoat-bao-hanh-dien-tu-p196282354.html?spid=216983563,33,,
33,Điện thoại Samsung Galaxy A04 3/32GB - Hàng chính hãng,2.400.000₫,https://tiki.vn/dien-thoai-samsung-galaxy-a04-3-32gb-hang-chinh-hang-p208193365.html?spid=225919374,34,,
34,Điện thoại Samsung Galaxy S23 Plus 256GB - Hàng chính hãng,26.990.000₫,https://tiki.vn/dien-thoai-samsung-galaxy-s23-plus-256gb-hang-chinh-hang-p242657652.html?spid=242657654,35,,
35,Điện thoại Samsung Galaxy A34 5G 8GB/128GB Đen - Hàng chính hãng,7.164.000₫,https://tiki.vn/dien-thoai-samsung-galaxy-a34-5g-8gb-128gb-den-hang-chinh-hang-p249169833.html?spid=262512883,36,,
36,Điện Thoại Samsung Galaxy A34 5G (8GB/128GB) - Hàng Chính Hãng,8.490.000₫,https://tiki.vn/dien-thoai-samsung-galaxy-a34-5g-8gb-128gb-hang-chinh-hang-p248005118.html?spid=248005120,37,,
37,Điện thoại Samsung A33 5G 6GB/128GB Cam - Hàng Chính Hãng,6.800.000₫,https://tiki.vn/dien-thoai-samsung-a33-5g-6gb-128gb-cam-hang-chinh-hang-p188834089.html?spid=196285751,38,,
38,Điện thoại Samsung Galaxy A04 (3G+32G) SM-A045F Đồng - Hàng Chính Hãng (chỉ giao HN và một số khu vực),2.400.000₫,https://tiki.vn/dien-thoai-samsung-galaxy-a04-3g-32g-sm-a045f-dong-hang-chinh-hang-chi-giao-hn-va-mot-so-khu-vuc-p207268144.html?spid=225919189,39,,
39,Điện Thoại Samsung Galaxy Z Flip4 (8GB/256GB) - Hàng Chính Hãng - Đã kích hoạt bảo hành điện tử,24.431.000₫,https://tiki.vn/dien-thoai-samsung-galaxy-z-flip4-8gb-256gb-hang-chinh-hang-da-kich-hoat-bao-hanh-dien-tu-p196282517.html?spid=252537622,40,,
0,Điện thoại Samsung Galaxy S23 Ultra 256GB - Hàng chính hãng,31.990.000₫,https://tiki.vn/dien-thoai-samsung-galaxy-s23-ultra-256gb-hang-chinh-hang-p242712374.html?spid=242712382,1,-2%,
1,Điện thoại Samsung Galaxy A04 (3G+32G) SM-A045F Xanh - Hàng Chính Hãng (chỉ giao HN và một số khu vực),2.400.000₫,https://tiki.vn/dien-thoai-samsung-galaxy-a04-3g-32g-sm-a045f-xanh-hang-chinh-hang-chi-giao-hn-va-mot-so-khu-vuc-p207268160.html?spid=225919292,2,-9%,
2,Điện thoại Samsung Galaxy S23 Plus 512GB - Hàng chính hãng,28.191.000₫,https://tiki.vn/dien-thoai-samsung-galaxy-s23-plus-512gb-hang-chinh-hang-p242658327.html?spid=252718637,3,-6%,
3,Điện thoại Samsung Galaxy S22 Plus 5G (8GB/128GB) - Hàng chính hãng - ĐÃ KÍCH HOẠT BẢO HÀNH ĐIỆN TỬ,23.000.000₫,https://tiki.vn/dien-thoai-samsung-galaxy-s22-plus-5g-8gb-128gb-hang-chinh-hang-da-kich-hoat-bao-hanh-dien-tu-p168055450.html?spid=216714974,4,-6%,
4,Điện thoại Samsung Galaxy S23 Plus 8GB/512GB Đen - Hàng chính hãng,28.000.000₫,https://tiki.vn/dien-thoai-samsung-galaxy-s23-plus-8gb-512gb-den-hang-chinh-hang-p225247922.html?spid=225961868,5,-5%,
5,Điện Thoại Samsung Galaxy A33 5G (6GB/128GB) - Hàng Chính Hãng - Đã kích hoạt bảo hành điện tử,6.800.000₫,https://tiki.vn/dien-thoai-samsung-galaxy-a33-5g-6gb-128gb-hang-chinh-hang-da-kich-hoat-bao-hanh-dien-tu-p177141832.html?spid=216715206,6,-2%,
6,Điện thoại Samsung Galaxy S23 8GB/128GB Xanh lục - Hàng chính hãng,16.675.000₫,https://tiki.vn/dien-thoai-samsung-galaxy-s23-8gb-128gb-xanh-luc-hang-chinh-hang-p225264029.html?spid=225961848,7,-6%,
7,Điện Thoại Samsung Galaxy A34 5G (8GB/128GB) ĐKH - Hàng Chính Hãng,7.164.000₫,https://tiki.vn/dien-thoai-samsung-galaxy-a34-5g-8gb-128gb-dkh-hang-chinh-hang-p251407092.html?spid=262512886,8,,
8,Điện thoại Samsung Galaxy S23 5G (8GB/128GB) - Hàng chính hãng,16.675.000₫,https://tiki.vn/dien-thoai-samsung-galaxy-s23-8gb-128gb-hang-chinh-hang-p216171796.html?spid=217088030,9,,
9,Điện thoại Samsung Galaxy S23 8GB 256GB - Hàng chính hãng,18.125.000₫,https://tiki.vn/dien-thoai-samsung-galaxy-s23-8gb-256gb-hang-chinh-hang-p242635843.html?spid=252718619,10,,
10,Điện thoại Samsung Galaxy Z Flip 4 5G 128GB Vàng - Hàng chính hãng,22.551.000₫,https://tiki.vn/dien-thoai-samsung-galaxy-z-flip-4-5g-128gb-vang-hang-chinh-hang-p193208070.html?spid=212606881,11,,
11,Điện thoại Samsung Galaxy S23 Plus 8GB/256GB Kem - Hàng chính hãng,25.000.000₫,https://tiki.vn/dien-thoai-samsung-galaxy-s23-plus-8gb-256gb-kem-hang-chinh-hang-p225241398.html?spid=225961853,12,,
12,Điện thoại Samsung Galaxy Z Flip4 5G (8 GB/256 GB) - Hàng chính hãng,22.200.000₫,https://tiki.vn/dien-thoai-samsung-galaxy-z-flip4-5g-8-gb-256-gb-hang-chinh-hang-p196200197.html?spid=208497444,13,,
13,Điện thoại Samsung Galaxy S23 Plus 8GB/256GB Xanh lục - Hàng chính hãng,25.000.000₫,https://tiki.vn/dien-thoai-samsung-galaxy-s23-plus-8gb-256gb-xanh-luc-hang-chinh-hang-p225251266.html?spid=225961854,14,,
14,Điện thoại Samsung Galaxy S23 Plus 8GB/512GB Kem - Hàng chính hãng,28.000.000₫,https://tiki.vn/dien-thoai-samsung-galaxy-s23-plus-8gb-512gb-kem-hang-chinh-hang-p225242723.html?spid=225961849,15,,
15,Điện thoại Samsung Galaxy Z Flip4 5G - Hàng chính hãng,20.250.000₫,https://tiki.vn/dien-thoai-samsung-galaxy-z-flip4-5g-hang-chinh-hang-p225957987.html?spid=225958006,16,,
16,Điện thoại Samsung Galaxy Z Flip 4 5G 256GB Tím - Hàng chính hãng,22.200.000₫,https://tiki.vn/dien-thoai-samsung-galaxy-z-flip-4-5g-256gb-tim-hang-chinh-hang-p193208254.html?spid=212606923,17,,
17,Điện Thoại Samsung Galaxy S23+ 5G - Hàng Chính Hãng,18.000.000₫,https://tiki.vn/dien-thoai-samsung-galaxy-s23-5g-hang-chinh-hang-p225960096.html?spid=225960105,18,,
18,Điện thoại Samsung Galaxy A04s 4/64GB - Hàng chính hãng,2.990.000₫,https://tiki.vn/dien-thoai-samsung-galaxy-a04s-4-64gb-hang-chinh-hang-p208193462.html?spid=252718623,19,,
19,Điện Thoại Samsung A33 5G 6GB/128GB - Hàng Chính Hãng,6.800.000₫,https://tiki.vn/dien-thoai-samsung-a33-5g-6gb-128gb-hang-chinh-hang-p174422886.html?spid=205980824,20,,
20,Điện thoại Samsung Galaxy S23 Ultra 8GB/256GB Xanh lục - Hàng chính hãng,30.071.000₫,https://tiki.vn/dien-thoai-samsung-galaxy-s23-ultra-8gb-256gb-xanh-luc-hang-chinh-hang-p225228869.html?spid=249347758,21,,
21,Điện Thoại Samsung Galaxy Z Flip 4 (8GB/128GB) - ĐÃ KÍCH HOẠT ĐIỆN TỬ - Hàng Chính Hãng,22.551.000₫,https://tiki.vn/dien-thoai-samsung-galaxy-z-flip-4-8gb-128gb-da-kich-hoat-dien-tu-hang-chinh-hang-p196094112.html?spid=216983822,22,,
22,Điện thoại Samsung Galaxy A04s (4G+64G) A047F Đen - Hàng Chính Hãng (chỉ giao HN và một số khu vực),2.990.000₫,https://tiki.vn/dien-thoai-samsung-galaxy-a04s-4g-64g-a047f-den-p198732256.html?spid=204320132,23,,
23,Điện Thoại Samsung Galaxy A04 (3GB/32GB) - Hàng Chính Hãng,2.400.000₫,https://tiki.vn/dien-thoai-samsung-galaxy-a04-3gb-32gb-hang-chinh-hang-p213587929.html?spid=225919088,24,,
24,Điện thoại Samsung Galaxy A33 (5G) A336 (6 GB/128 GB)- Hàng chính hãng,7.000.000₫,https://tiki.vn/dien-thoai-samsung-galaxy-a33-5g-a336-6-gb-128-gb-hang-chinh-hang-p189937243.html?spid=196285880,25,,
25,Điện thoại Samsung Galaxy Z Flip4 5G (8GB/256GB) - Hàng chính hãng,22.200.000₫,https://tiki.vn/dien-thoai-samsung-galaxy-z-flip4-5g-8gb-256gb-hang-chinh-hang-p196200655.html?spid=208497436,26,,
26,Điện Thoại Samsung Galaxy A05 (6GB/128GB) - Hàng Chính Hãng,3.237.000₫,https://tiki.vn/dien-thoai-samsung-galaxy-a05-6gb-128gb-hang-chinh-hang-p273640492.html?spid=273640515,27,,
27,Điện Thoại Samsung Galaxy A15 5G (8GB/256GB) - Hàng Chính Hãng,6.165.000₫,https://tiki.vn/dien-thoai-samsung-galaxy-a15-5g-8gb-256gb-hang-chinh-hang-p273820465.html?spid=273820471,28,,
28,Điện Thoại Samsung Galaxy A05 (4GB/64GB) - Hàng Chính Hãng,3.025.000₫,https://tiki.vn/dien-thoai-samsung-galaxy-a05-4gb-64gb-hang-chinh-hang-p273636845.html?spid=273636855,29,,
29,Điện Thoại Samsung A15 8GB/128GB - Hàng Chính Hãng,4.529.000₫,https://tiki.vn/dien-thoai-samsung-a15-8gb-128gb-hang-chinh-hang-p273718967.html?spid=273718971,30,,Đã bán 1
30,Điện Thoại Samsung Galaxy A15 (8GB/128GB) - Hàng Chính Hãng,4.690.000₫,https://tiki.vn/dien-thoai-samsung-galaxy-a15-8gb-128gb-hang-chinh-hang-p273906665.html?spid=273906669,31,,
31,Điện thoại Samsung Galaxy A15 (8GB/128GB) - Hàng chính hãng - Đã kích hoạt bảo hành điện tử,4.690.000₫,https://tiki.vn/die-n-thoa-i-samsung-galaxy-a15-8gb-128gb-ha-ng-chi-nh-ha-ng-da-ki-ch-hoa-t-ba-o-ha-nh-die-n-tu-p273774937.html?spid=273786448,32,,
32,Điện Thoại Samsung Galazy A25 5G (6GB/128GB),6.290.000₫,https://tiki.vn/dien-thoai-samsung-galazy-a25-5g-6gb-128gb-p273610368.html?spid=273610760,33,,Đã bán 1
33,Điện thoại Samsung A05 4GB - hàng chính hãng,3.112.000₫,https://tiki.vn/dien-thoai-samsung-a05-4gb-hang-chinh-hang-p273185467.html?spid=273550749,34,,
34,Điện thoại Samsung Galaxy Z Flip4 5G (8GB/128GB) - Hàng chính hãng,20.250.000₫,https://tiki.vn/dien-thoai-samsung-galaxy-z-flip4-5g-8gb-128gb-hang-chinh-hang-p196562133.html?spid=208497477,35,,
35,Điện Thoại Samsung Galaxy A15 (8GB/256GB) - Hàng Chính Hãng,5.475.000₫,https://tiki.vn/dien-thoai-samsung-galaxy-a15-8gb-256gb-hang-chinh-hang-p273819438.html?spid=273819440,36,,
36,Điện thoại Samsung Galaxy A15 LTE (8GB/128GB) - Hàng chính hãng,4.990.000₫,https://tiki.vn/dien-thoai-samsung-galaxy-a15-lte-8gb-128gb-hang-chinh-hang-p273683300.html?spid=273683306,37,,
37,Điện Thoại Samsung Galazy A15 LTE (8GB/128GB),4.690.000₫,https://tiki.vn/dien-thoai-samsung-galazy-a15-lte-8gb-128gb-p273610375.html?spid=273610756,38,,Đã bán 17
38,Điện Thoại Samsung Galaxy A05 - Hàng Chính Hãng,3.025.000₫,https://tiki.vn/dien-thoai-samsung-galaxy-a05-hang-chinh-hang-p273610105.html?spid=273610113,39,,
39,Điện thoại Samsung Galaxy Z Flip4 5G - Hàng chính hãng,20.250.000₫,https://tiki.vn/dien-thoai-samsung-galaxy-z-flip4-5g-hang-chinh-hang-p225958846.html?spid=225958853,40,,
0,Điện Thoại Samsung Galaxy A25 5G 128GB - Hàng Chính Hãng,6.450.000₫,https://tiki.vn/dien-thoai-samsung-galaxy-a25-5g-128gb-hang-chinh-hang-p273820622.html?spid=273820626,1,-2%,
1,Điện Thoại Samsung A54 5G 8GB/256GB - Hàng Chính Hãng,7.939.000₫,https://tiki.vn/dien-thoai-samsung-a54-5g-8gb-256gb-hang-chinh-hang-p273664106.html?spid=273664112,2,-31%,Đã bán 1
